City_ID,City,Lat,Lng,Max Temp,Humidity,Cloudiness,Wind Speed,Country,Date
0,port-gentil,-0.7193,8.7815,78.76,94,75,4.61,GA,2023-02-02 06:54:26
1,port elizabeth,-33.918,25.5701,75.09,74,0,10.36,ZA,2023-02-02 06:54:27
2,shatoy,42.8714,45.6886,38.93,73,100,1.1,RU,2023-02-02 06:54:28
3,hithadhoo,-0.6,73.0833,81.46,73,41,17.58,MV,2023-02-02 06:54:29
4,mount vernon,40.9126,-73.8371,31.66,53,75,9.22,US,2023-02-02 06:54:30
5,mar del plata,-38.0023,-57.5575,70.88,87,100,11.01,AR,2023-02-02 06:54:30
6,yellowknife,62.456,-114.3525,-35.45,74,0,5.75,CA,2023-02-02 06:54:31
7,mataura,-46.1927,168.8643,69.53,85,100,2.15,NZ,2023-02-02 06:54:32
8,el alto,-4.2714,-81.2147,74.25,79,100,7.11,PE,2023-02-02 06:54:33
9,nisia floresta,-6.0911,-35.2086,77.38,82,91,6.4,BR,2023-02-02 06:53:08
10,chokurdakh,70.6333,147.9167,-7.42,99,100,3.98,RU,2023-02-02 06:54:34
11,bluff,-46.6,168.3333,64.24,92,100,7.36,NZ,2023-02-02 06:54:35
12,puerto ayora,-0.7393,-90.3518,77.56,97,97,1.5,EC,2023-02-02 06:54:36
13,fort nelson,58.8053,-122.7002,-15.21,70,0,3.44,CA,2023-02-02 06:54:36
14,bud,39.447,-86.1758,25.86,66,100,4.59,US,2023-02-02 06:54:37
15,busselton,-33.65,115.3333,86.67,29,5,5.39,AU,2023-02-02 06:54:37
16,hermanus,-34.4187,19.2345,67.8,69,3,6.62,ZA,2023-02-02 06:54:38
17,gayny,60.3071,54.3241,12.76,91,98,4.94,RU,2023-02-02 06:54:39
18,hilo,19.7297,-155.09,77.29,91,100,3.0,US,2023-02-02 06:53:23
19,mount pleasant,32.7941,-79.8626,55.0,97,100,5.75,US,2023-02-02 06:51:18
20,albany,42.6001,-73.9662,20.44,67,100,1.01,US,2023-02-02 06:51:56
21,faanui,-16.4833,-151.75,81.68,76,7,19.71,PF,2023-02-02 06:54:41
22,petropavlovsk-kamchatskiy,53.0452,158.6483,5.59,66,0,4.47,RU,2023-02-02 06:54:41
23,kuytun,54.3419,101.5036,14.56,87,100,6.15,RU,2023-02-02 06:54:42
24,saint george,37.1041,-113.5841,36.19,56,0,1.01,US,2023-02-02 06:54:43
25,torbay,47.6666,-52.7314,13.26,87,40,3.44,CA,2023-02-02 06:54:43
26,avarua,-21.2078,-159.775,73.45,94,100,9.22,CK,2023-02-02 06:50:45
27,turukhansk,65.8167,87.9833,11.34,95,100,8.59,RU,2023-02-02 06:54:44
28,beira,-19.8436,34.8389,82.49,69,75,7.0,MZ,2023-02-02 06:54:45
29,san cristobal,7.7669,-72.225,59.97,86,10,1.61,VE,2023-02-02 06:54:46
30,ushuaia,-54.8,-68.3,51.46,82,40,3.44,AR,2023-02-02 06:53:00
31,asau,46.4333,26.4,31.28,83,99,7.58,RO,2023-02-02 06:54:47
32,kudahuvadhoo,2.6708,72.8944,80.38,64,7,12.73,MV,2023-02-02 06:54:48
33,khatanga,71.9667,102.5,-17.63,98,100,5.55,RU,2023-02-02 06:54:48
34,wajir,1.7471,40.0573,78.76,69,40,11.5,KE,2023-02-02 06:54:49
35,port alfred,-33.5906,26.891,74.17,72,18,1.99,ZA,2023-02-02 06:54:16
36,douglas,41.3,-96.167,25.68,79,0,4.61,US,2023-02-02 06:51:27
37,esperance,-33.8667,121.9,67.69,73,86,13.78,AU,2023-02-02 06:54:51
38,chuy,-33.6971,-53.4616,69.78,80,98,4.83,UY,2023-02-02 06:54:51
39,palmer,42.1584,-72.3287,22.62,71,0,4.61,US,2023-02-02 06:54:52
40,strezhevoy,60.7333,77.5889,14.41,96,100,4.81,RU,2023-02-02 06:54:52
41,rondonopolis,-16.4708,-54.6356,71.24,94,94,2.26,BR,2023-02-02 06:54:53
42,butaritari,3.0707,172.7902,80.49,79,100,20.27,KI,2023-02-02 06:54:54
43,trybukhivtsi,49.0436,25.4581,31.75,86,100,5.66,UA,2023-02-02 06:54:54
44,ribeira grande,38.5167,-28.7,52.77,80,9,3.0,PT,2023-02-02 06:54:55
45,port macquarie,-31.4333,152.9167,80.89,72,8,14.81,AU,2023-02-02 06:54:56
46,sao joao da barra,-21.6403,-41.0511,73.6,91,45,9.62,BR,2023-02-02 06:53:55
47,san quintin,30.4833,-115.95,54.72,65,0,1.95,MX,2023-02-02 06:54:57
48,provideniya,64.3833,-173.3,13.98,94,75,12.06,RU,2023-02-02 06:54:58
49,tombouctou,20.0,-3.0,56.71,18,100,10.36,ML,2023-02-02 06:54:59
50,airai,-8.9266,125.4092,67.21,87,91,3.24,TL,2023-02-02 06:55:00
51,klaksvik,62.2266,-6.589,38.32,69,100,17.31,FO,2023-02-02 06:55:00
52,bakel,14.905,-12.4568,68.58,12,1,8.25,SN,2023-02-02 06:55:01
53,dhidhdhoo,6.8833,73.1,80.33,72,100,11.74,MV,2023-02-02 06:55:01
54,kapaa,22.0752,-159.319,75.52,90,75,9.22,US,2023-02-02 06:55:02
55,manitowoc,44.0667,-87.8001,22.37,63,75,12.66,US,2023-02-02 06:55:04
56,kensington,-33.9167,151.2167,96.03,69,75,25.32,AU,2023-02-02 06:55:04
57,dikson,73.5069,80.5464,2.1,95,100,8.57,RU,2023-02-02 06:55:06
58,grindavik,63.8424,-22.4338,36.07,93,100,42.57,IS,2023-02-02 06:55:07
59,hobart,-42.8794,147.3294,57.25,83,75,11.5,AU,2023-02-02 06:55:07
60,dingle,10.9995,122.6711,82.9,75,38,15.17,PH,2023-02-02 06:55:08
61,kemijarvi,66.7131,27.4306,23.16,95,100,8.39,FI,2023-02-02 06:55:09
62,muravlenko,63.7898,74.523,15.22,94,27,13.78,RU,2023-02-02 06:55:10
63,deqing,30.5448,119.9599,46.72,52,100,5.19,CN,2023-02-02 06:55:11
64,atuona,-9.8,-139.0333,79.03,80,100,19.04,PF,2023-02-02 06:55:12
65,coos bay,43.3665,-124.2179,43.14,96,0,6.91,US,2023-02-02 06:50:54
66,new norfolk,-42.7826,147.0587,56.91,74,100,1.01,AU,2023-02-02 06:55:15
67,bredasdorp,-34.5322,20.0403,70.75,60,4,2.62,ZA,2023-02-02 06:55:15
68,arraial do cabo,-22.9661,-42.0278,74.71,92,100,12.46,BR,2023-02-02 06:50:35
69,rikitea,-23.1203,-134.9692,79.21,69,0,15.46,PF,2023-02-02 06:55:17
70,berdigestyakh,62.0989,126.6992,-16.42,98,100,3.69,RU,2023-02-02 06:55:18
71,ewa beach,21.3156,-158.0072,75.15,77,40,5.75,US,2023-02-02 06:55:18
72,sterling,39.0062,-77.4286,30.58,77,75,1.01,US,2023-02-02 06:53:43
73,batagay-alyta,67.8006,130.4114,-22.16,100,100,0.69,RU,2023-02-02 06:55:20
74,qaanaaq,77.484,-69.3632,-5.44,55,5,8.99,GL,2023-02-02 06:55:21
75,nome,64.5011,-165.4064,19.47,100,100,10.36,US,2023-02-02 06:55:22
76,cape town,-33.9258,18.4232,73.09,56,0,12.66,ZA,2023-02-02 06:55:23
77,vertou,47.1687,-1.4693,44.06,81,100,3.44,FR,2023-02-02 06:55:24
78,salamiyah,35.0113,37.0532,46.09,57,3,26.84,SY,2023-02-02 06:55:24
79,cabo san lucas,22.8909,-109.9124,64.51,74,79,8.16,MX,2023-02-02 06:55:25
80,thompson,55.7435,-97.8558,-25.44,62,20,12.66,CA,2023-02-02 06:55:26
81,pevek,69.7008,170.3133,-8.54,97,79,1.41,RU,2023-02-02 06:55:26
82,ponta do sol,32.6667,-17.1,61.43,62,90,9.78,PT,2023-02-02 06:55:27
83,san patricio,28.017,-97.5169,39.07,89,100,8.97,US,2023-02-02 06:55:28
84,caravelas,-17.7125,-39.2481,73.17,92,6,4.09,BR,2023-02-02 06:55:28
85,chandler,33.3062,-111.8412,53.13,49,0,3.44,US,2023-02-02 06:52:16
86,ancud,-41.8697,-73.8203,49.86,88,17,4.25,CL,2023-02-02 06:55:29
87,neiafu,-18.65,-173.9833,81.28,83,75,8.05,TO,2023-02-02 06:55:30
88,punta arenas,-53.15,-70.9167,51.91,71,0,5.75,CL,2023-02-02 06:50:36
89,kousseri,12.0769,15.0306,66.16,22,67,9.22,CM,2023-02-02 06:55:31
90,castro,-24.7911,-50.0119,65.21,95,100,3.65,BR,2023-02-02 06:55:32
91,virginia beach,36.8529,-75.978,39.22,69,100,1.01,US,2023-02-02 06:55:33
92,parral,26.9333,-105.6667,44.29,74,0,4.88,MX,2023-02-02 06:54:09
93,east london,-33.0153,27.9116,74.34,73,0,9.22,ZA,2023-02-02 06:55:34
94,esso,55.9333,158.7,-8.03,91,4,4.41,RU,2023-02-02 06:55:34
95,tuktoyaktuk,69.4541,-133.0374,-32.8,68,75,4.61,CA,2023-02-02 06:55:36
96,pokhara,28.2333,83.9833,74.46,17,3,7.43,NP,2023-02-02 06:55:36
97,ahipara,-35.1667,173.1667,71.55,89,78,6.89,NZ,2023-02-02 06:55:37
98,buncrana,55.1333,-7.45,49.77,85,100,20.42,IE,2023-02-02 06:55:37
99,tahe,52.3333,124.7333,9.1,67,7,7.7,CN,2023-02-02 06:55:38
100,port augusta,-32.5,137.7667,77.16,37,33,22.35,AU,2023-02-02 06:55:39
101,barrow,71.2906,-156.7887,-5.78,77,0,23.02,US,2023-02-02 06:55:39
102,saint-philippe,-21.3585,55.7679,85.59,72,0,8.43,RE,2023-02-02 06:55:40
103,jamestown,42.097,-79.2353,20.55,79,0,10.36,US,2023-02-02 06:51:54
104,lompoc,34.6391,-120.4579,44.58,92,0,10.36,US,2023-02-02 06:55:42
105,nelson bay,-32.7167,152.15,86.05,74,10,17.0,AU,2023-02-02 06:55:43
106,montbrison,45.6667,4.0833,35.94,89,93,4.83,FR,2023-02-02 06:55:43
107,vardo,70.3705,31.1107,28.38,74,20,16.11,NO,2023-02-02 06:55:44
108,ulladulla,-35.35,150.4667,84.74,37,64,6.13,AU,2023-02-02 06:55:45
109,victoria,22.2855,114.1577,75.96,70,63,18.01,HK,2023-02-02 06:50:52
110,puerto del rosario,28.5004,-13.8627,64.15,55,20,16.11,ES,2023-02-02 06:55:46
111,marystown,47.1666,-55.1483,15.51,75,100,6.22,CA,2023-02-02 06:55:46
112,sur,22.5667,59.5289,73.42,53,5,6.13,OM,2023-02-02 06:55:47
113,vaini,-21.2,-175.2,82.56,78,75,12.66,TO,2023-02-02 06:55:48
114,dwarka,22.2394,68.9678,73.85,40,5,10.89,IN,2023-02-02 06:55:48
115,yerofey pavlovich,53.9667,121.9667,6.66,76,19,4.54,RU,2023-02-02 06:55:49
116,vao,-22.6667,167.4833,80.44,74,71,6.33,NC,2023-02-02 06:55:49
117,nikolskoye,59.7035,30.7861,28.29,94,100,5.48,RU,2023-02-02 06:55:50
118,tasiilaq,65.6145,-37.6368,23.16,61,100,40.29,GL,2023-02-02 06:55:51
119,doka,13.5167,35.7667,77.72,28,0,15.28,SD,2023-02-02 06:55:51
120,asaba,6.2006,6.7338,79.56,79,8,2.24,NG,2023-02-02 06:54:38
121,bac lieu,9.285,105.7244,84.49,64,31,20.24,VN,2023-02-02 06:55:52
122,doha,25.2867,51.5333,76.98,50,0,2.3,QA,2023-02-02 06:53:30
123,ust-nera,64.5667,143.2,-22.79,99,98,0.81,RU,2023-02-02 06:55:53
124,lowestoft,52.4752,1.7516,43.5,87,32,17.38,GB,2023-02-02 06:55:54
125,iqaluit,63.7506,-68.5145,-33.07,61,20,2.3,CA,2023-02-02 06:55:54
126,ambulu,-8.345,113.6058,82.08,73,100,3.89,ID,2023-02-02 06:55:55
127,miracema do tocantins,-9.5618,-48.3967,70.84,96,100,1.72,BR,2023-02-02 06:55:56
128,georgetown,5.4112,100.3354,91.35,58,20,8.05,MY,2023-02-02 06:55:38
129,severo-kurilsk,50.6789,156.125,25.14,71,100,18.34,RU,2023-02-02 06:53:59
130,saldanha,-33.0117,17.9442,62.65,77,0,14.85,ZA,2023-02-02 06:55:57
131,taoudenni,22.6783,-3.9836,52.48,24,100,12.64,ML,2023-02-02 06:55:58
132,kargil,34.5667,76.1,11.98,67,100,1.1,IN,2023-02-02 06:55:58
133,coolum beach,-26.5333,153.1,80.33,90,93,5.79,AU,2023-02-02 06:55:59
134,progreso,21.2833,-89.6667,72.1,84,3,8.68,MX,2023-02-02 06:56:00
135,wangou,42.0623,126.9127,13.91,66,46,5.59,CN,2023-02-02 06:56:00
136,terrace bay,48.7834,-87.1,7.77,95,100,11.45,CA,2023-02-02 06:56:01
137,olinda,-8.0089,-34.8553,80.33,74,40,5.75,BR,2023-02-02 06:56:02
138,latung,5.5,120.8833,81.77,72,49,4.76,PH,2023-02-02 06:56:02
139,adrar,20.5022,-10.0711,56.25,19,96,11.88,MR,2023-02-02 06:56:03
140,upernavik,72.7868,-56.1549,-15.66,91,99,4.38,GL,2023-02-02 06:56:04
141,narsaq,60.9167,-46.05,16.02,96,100,1.83,GL,2023-02-02 06:56:05
142,mahebourg,-20.4081,57.7,86.25,74,40,6.91,MU,2023-02-02 06:56:06
143,abonnema,4.7084,6.7931,80.35,79,48,0.31,NG,2023-02-02 06:56:07
144,port hardy,50.6996,-127.4199,41.18,87,100,18.41,CA,2023-02-02 06:56:07
145,anadyr,64.75,177.4833,25.3,86,40,13.42,RU,2023-02-02 06:56:08
146,lebu,-37.6167,-73.65,55.38,88,5,19.24,CL,2023-02-02 06:56:09
147,half moon bay,37.4636,-122.4286,50.31,66,0,0.0,US,2023-02-02 06:53:08
148,lugovoy,42.9472,72.7644,37.9,97,100,3.33,KZ,2023-02-02 06:56:10
149,porto nacional,-10.7081,-48.4172,77.0,92,100,1.9,BR,2023-02-02 06:56:11
150,finschhafen,-6.6024,147.8681,84.52,76,100,9.46,PG,2023-02-02 06:56:12
151,umm kaddadah,13.6017,26.6876,65.62,21,29,23.11,SD,2023-02-02 06:56:13
152,ilulissat,69.2167,-51.1,10.42,48,100,11.5,GL,2023-02-02 06:56:14
153,anjozorobe,-18.4,47.8667,71.06,71,82,9.22,MG,2023-02-02 06:56:14
154,kodiak,57.79,-152.4072,31.51,86,100,5.75,US,2023-02-02 06:56:16
155,znin,52.8496,17.7199,38.12,97,100,19.28,PL,2023-02-02 06:56:17
156,capinzal,-27.3436,-51.6119,68.74,90,55,2.13,BR,2023-02-02 06:56:17
157,laguna,38.421,-121.4238,49.08,78,0,4.61,US,2023-02-02 06:56:18
158,belaya gora,68.5333,146.4167,-16.74,99,94,3.71,RU,2023-02-02 06:56:19
159,harsin,34.2721,47.5861,40.01,83,66,5.3,IR,2023-02-02 06:56:20
160,porto velho,-8.7619,-63.9039,75.25,94,0,0.0,BR,2023-02-02 06:56:20
161,geraldton,-28.7667,114.6,99.01,26,21,21.85,AU,2023-02-02 06:56:21
162,saint-francois,46.4154,3.9054,37.67,93,100,2.3,FR,2023-02-02 06:54:52
163,pochutla,15.7432,-96.4661,71.82,66,0,3.33,MX,2023-02-02 06:56:22
164,huarmey,-10.0681,-78.1522,71.04,84,100,5.19,PE,2023-02-02 06:56:23
165,elliot lake,46.3834,-82.6331,2.1,98,84,2.19,CA,2023-02-02 06:56:24
166,ushtobe,45.2514,77.9838,27.0,74,100,7.9,KZ,2023-02-02 06:56:24
167,bubaque,11.2833,-15.8333,76.93,46,4,16.8,GW,2023-02-02 06:56:25
168,bethel,41.3712,-73.414,27.48,66,0,3.44,US,2023-02-02 06:56:26
169,gore,-46.1028,168.9436,69.75,87,100,1.63,NZ,2023-02-02 06:56:26
170,souillac,-20.5167,57.5167,84.58,74,40,6.91,MU,2023-02-02 06:56:27
171,lagoa,39.05,-27.9833,56.53,69,6,9.64,PT,2023-02-02 06:56:28
172,farau,46.3333,24.0167,35.78,96,100,12.64,RO,2023-02-02 06:56:29
173,beloha,-25.1667,45.05,82.8,56,12,12.35,MG,2023-02-02 06:56:29
174,pisco,-13.7,-76.2167,71.65,83,0,11.5,PE,2023-02-02 06:56:30
175,aguimes,27.9054,-15.4461,58.66,67,20,8.99,ES,2023-02-02 06:56:30
176,college,64.8569,-147.8028,11.59,83,100,4.61,US,2023-02-02 06:56:32
177,clyde river,70.4692,-68.5914,-28.97,68,0,6.91,CA,2023-02-02 06:56:33
178,katangli,51.7102,143.2326,-7.83,91,100,6.6,RU,2023-02-02 06:56:33
179,lazaro cardenas,17.9583,-102.2,70.86,72,0,4.16,MX,2023-02-02 06:56:34
180,ashcroft,50.7165,-121.2859,32.49,97,100,3.24,CA,2023-02-02 06:56:35
181,dunedin,-45.8742,170.5036,70.81,84,100,4.0,NZ,2023-02-02 06:56:36
182,udachnyy,66.4167,112.4,-24.0,100,95,4.74,RU,2023-02-02 06:56:36
183,beboto,8.2668,16.939,80.31,17,3,6.55,TD,2023-02-02 06:56:37
184,lorengau,-2.0226,147.2712,84.04,69,75,6.33,PG,2023-02-02 06:56:38
185,cockburn town,21.4612,-71.1419,77.4,66,0,18.66,TC,2023-02-02 06:56:39
186,kuna,43.4918,-116.4201,25.36,73,0,8.05,US,2023-02-02 06:56:39
187,tarko-sale,64.9225,77.785,12.09,95,85,10.56,RU,2023-02-02 06:56:40
188,lavrentiya,65.5833,-171.0,6.31,96,100,7.54,RU,2023-02-02 06:56:40
189,mykolayivka,47.5414,30.7561,34.03,68,99,5.73,UA,2023-02-02 06:56:41
190,pacific grove,36.6177,-121.9166,46.65,90,0,3.44,US,2023-02-02 06:56:42
191,balabac,7.9868,117.0645,82.15,78,12,16.69,PH,2023-02-02 06:56:43
192,kangaatsiaq,68.3065,-53.4641,-2.25,94,100,14.56,GL,2023-02-02 06:56:43
193,saskylakh,71.9167,114.0833,-18.51,100,100,5.12,RU,2023-02-02 06:56:44
194,lyubashivka,47.8372,30.2598,32.47,66,91,5.01,UA,2023-02-02 06:56:45
195,mayor pablo lagerenza,-19.9309,-60.7718,72.57,95,91,4.12,PY,2023-02-02 06:56:45
196,kaihua,23.3687,104.28,74.66,40,3,12.84,CN,2023-02-02 06:56:46
197,kununurra,-15.7667,128.7333,93.18,52,57,11.5,AU,2023-02-02 06:56:00
198,emerald,-23.5333,148.1667,96.35,37,68,7.67,AU,2023-02-02 06:53:34
199,bengkulu,-3.8004,102.2655,84.92,66,100,11.65,ID,2023-02-02 06:56:47
200,mount isa,-20.7333,139.5,83.97,51,100,4.61,AU,2023-02-02 06:56:48
201,henties bay,-22.116,14.2845,64.08,84,95,4.0,NA,2023-02-02 06:56:48
202,gambela,8.25,34.5833,91.9,18,14,1.74,ET,2023-02-02 06:56:49
203,nicoya,10.1483,-85.452,73.56,76,10,11.65,CR,2023-02-02 06:56:50
204,te anau,-45.4167,167.7167,64.53,86,100,1.05,NZ,2023-02-02 06:56:51
205,mo i rana,66.3128,14.1428,7.32,86,0,0.0,NO,2023-02-02 06:55:23
206,cabedelo,-6.9811,-34.8339,77.67,80,56,8.75,BR,2023-02-02 06:56:52
207,ishinomaki,38.4167,141.3,37.4,65,11,22.48,JP,2023-02-02 06:56:52
208,brokopondo,4.75,-55.1667,72.54,93,100,4.43,SR,2023-02-02 06:56:53
209,flin flon,54.7682,-101.865,-19.43,90,100,10.63,CA,2023-02-02 06:56:54
210,richards bay,-28.783,32.0377,74.43,87,98,3.33,ZA,2023-02-02 06:56:54
211,aklavik,68.2191,-135.0107,-29.02,99,65,7.65,CA,2023-02-02 06:56:55
212,batticaloa,7.7102,81.6924,80.82,79,100,12.3,LK,2023-02-02 06:56:56
213,tirano,46.2154,10.1679,41.43,55,6,9.95,IT,2023-02-02 06:56:56
214,nova odesa,47.3078,31.7851,32.32,80,35,6.42,UA,2023-02-02 06:56:57
215,itarema,-2.9248,-39.9167,77.4,86,100,11.03,BR,2023-02-02 06:56:58
216,khasan,42.4308,130.6434,24.39,45,3,17.85,RU,2023-02-02 06:56:58
217,tautira,-17.7333,-149.15,81.95,72,0,19.71,PF,2023-02-02 06:56:59
218,bathsheba,13.2167,-59.5167,77.61,73,40,13.8,BB,2023-02-02 06:57:00
219,necochea,-38.5473,-58.7368,64.17,83,99,4.92,AR,2023-02-02 06:57:00
220,manokwari,-0.8667,134.0833,84.04,69,22,7.02,ID,2023-02-02 06:57:01
221,staryy nadym,65.6118,72.6842,12.94,95,22,9.22,RU,2023-02-02 06:57:02
222,lovozero,68.005,35.0117,23.77,97,100,5.14,RU,2023-02-02 06:57:02
223,cayenne,4.9333,-52.3333,71.64,100,100,2.3,GF,2023-02-02 06:57:03
224,sinnamary,5.3833,-52.95,73.69,91,100,2.46,GF,2023-02-02 06:57:04
225,sandpoint,48.2766,-116.5533,24.03,95,0,0.0,US,2023-02-02 06:53:30
226,lolodorf,3.2333,10.7333,73.24,91,54,1.68,CM,2023-02-02 06:57:05
227,murree,33.9073,73.393,40.24,37,100,3.56,PK,2023-02-02 06:57:06
228,bandarbeyla,9.4942,50.8122,77.47,57,16,15.66,SO,2023-02-02 06:57:06
229,magadan,59.5667,150.8,5.79,97,99,4.83,RU,2023-02-02 06:57:07
230,chifeng,42.2683,118.9636,24.39,15,86,2.13,CN,2023-02-02 06:57:08
231,portobelo,9.55,-79.65,74.1,81,100,18.34,PA,2023-02-02 06:57:09
232,simbahan,6.3032,120.5836,82.29,72,100,4.23,PH,2023-02-02 06:57:09
233,zhangjiakou,40.81,114.8794,24.82,18,100,1.48,CN,2023-02-02 06:57:10
234,shubarkuduk,49.1447,56.4872,18.55,78,8,10.51,KZ,2023-02-02 06:57:11
235,abu samrah,35.3029,37.1841,46.63,59,5,25.01,SY,2023-02-02 06:57:11
236,gravdal,68.1214,13.5031,30.09,100,75,3.44,NO,2023-02-02 06:57:12
237,along,28.1667,94.7667,82.94,24,0,2.15,IN,2023-02-02 06:57:13
238,kosonsoy,41.2561,71.5508,36.16,97,100,3.6,UZ,2023-02-02 06:57:14
239,kirakira,-10.4544,161.9205,81.84,83,94,5.46,SB,2023-02-02 06:57:15
240,nigran,42.1415,-8.8066,45.03,70,0,6.91,ES,2023-02-02 06:57:16
241,barrhead,55.7992,-4.3929,49.82,90,100,17.27,GB,2023-02-02 06:57:17
242,namie,37.4833,141.0,38.71,60,100,12.39,JP,2023-02-02 06:57:17
243,carnarvon,-24.8667,113.6333,86.04,61,13,18.14,AU,2023-02-02 06:57:19
244,katherine,-14.4667,132.2667,89.92,55,40,16.11,AU,2023-02-02 06:57:20
245,ugoofaaru,5.6667,73.0,80.38,67,71,12.39,MV,2023-02-02 06:57:22
246,san-pedro,4.7485,-6.6363,77.4,93,9,0.25,CI,2023-02-02 06:57:24
247,rawson,-43.3002,-65.1023,64.44,79,31,17.58,AR,2023-02-02 06:57:25
248,constitucion,-35.3333,-72.4167,61.79,50,0,8.21,CL,2023-02-02 06:57:25
249,cidreira,-30.1811,-50.2056,74.3,91,89,3.6,BR,2023-02-02 06:57:26
250,les cayes,18.2,-73.75,75.42,75,97,1.72,HT,2023-02-02 06:57:27
251,manta,-0.95,-80.7333,78.58,83,40,6.91,EC,2023-02-02 06:57:27
252,lazi,48.0667,24.2333,31.8,98,100,4.0,UA,2023-02-02 06:57:28
253,sorong,-0.8833,131.25,83.35,77,96,14.03,ID,2023-02-02 06:56:30
254,bilma,18.6853,12.9164,55.9,29,59,7.92,NE,2023-02-02 06:57:29
255,whitehaven,54.549,-3.5841,46.87,100,98,5.01,GB,2023-02-02 06:57:30
256,bulawayo,-20.15,28.5833,67.59,78,100,6.2,ZW,2023-02-02 06:57:30
257,tefe,-3.3542,-64.7114,72.72,99,95,2.46,BR,2023-02-02 06:57:31
258,sorland,67.667,12.6934,35.46,55,99,5.06,NO,2023-02-02 06:57:31
259,rocha,-34.4833,-54.3333,67.19,84,100,2.51,UY,2023-02-02 06:57:32
260,serik,36.9169,31.0989,47.75,50,5,14.99,TR,2023-02-02 06:57:33
261,utrecht,52.0,5.25,47.98,89,100,8.01,NL,2023-02-02 06:57:03
262,ostrovnoy,68.0531,39.5131,17.94,92,73,22.88,RU,2023-02-02 06:57:34
263,planaltina,-15.4528,-47.6142,63.09,92,94,2.89,BR,2023-02-02 06:57:34
264,leshukonskoye,64.8989,45.7622,14.02,97,79,6.02,RU,2023-02-02 06:57:35
265,marawi,7.9986,124.2928,75.7,82,100,7.43,PH,2023-02-02 06:57:35
266,kabare,-2.4683,28.8242,69.71,75,5,1.54,CD,2023-02-02 06:57:36
267,novokuznetsk,53.7557,87.1099,12.76,89,40,3.33,RU,2023-02-02 06:57:37
268,sungairaya,0.7,108.9,83.62,72,97,3.91,ID,2023-02-02 06:57:37
269,male,4.1748,73.5089,84.15,74,40,9.22,MV,2023-02-02 06:57:38
270,mitsamiouli,-11.3847,43.2844,81.91,76,100,4.23,KM,2023-02-02 06:57:39
271,moussoro,13.6408,16.4901,67.71,17,98,18.52,TD,2023-02-02 06:57:40
272,roebourne,-20.7833,117.1333,94.37,46,10,16.71,AU,2023-02-02 06:57:40
273,longyearbyen,78.2186,15.6401,10.24,67,20,17.27,SJ,2023-02-02 06:57:41
274,mackay,-21.15,149.2,84.16,82,84,11.41,AU,2023-02-02 06:57:41
275,melfi,40.9965,15.6514,40.5,87,0,5.86,IT,2023-02-02 06:57:42
276,agadez,19.75,10.25,52.63,27,75,6.64,NE,2023-02-02 06:57:43
277,nemuro,43.3236,145.575,21.43,70,54,17.13,JP,2023-02-02 06:57:43
278,rundu,-17.9333,19.7667,68.58,88,100,2.91,NA,2023-02-02 06:57:44
279,shegaon,20.7833,76.6833,82.26,18,74,5.55,IN,2023-02-02 06:57:44
280,saint-joseph,-21.3667,55.6167,84.58,73,13,7.47,RE,2023-02-02 06:57:45
281,roald,62.5833,6.1333,34.75,93,20,9.22,NO,2023-02-02 06:57:46
282,qeshm,26.9581,56.2719,73.29,75,9,14.18,IR,2023-02-02 06:57:47
283,guerrero negro,27.9769,-114.0611,56.28,65,0,3.13,MX,2023-02-02 06:56:38
284,sambava,-14.2667,50.1667,83.25,69,100,11.79,MG,2023-02-02 06:54:28
285,fairbanks,64.8378,-147.7164,11.61,83,100,4.61,US,2023-02-02 06:57:48
286,kavaratti,10.5669,72.642,80.73,73,100,7.58,IN,2023-02-02 06:57:49
287,morant bay,17.8815,-76.4093,78.42,84,54,15.48,JM,2023-02-02 06:57:04
288,moree,-29.4667,149.85,93.24,16,0,13.24,AU,2023-02-02 06:57:50
289,tailai,46.3833,123.4,16.25,55,8,5.03,CN,2023-02-02 06:57:51
290,karaton,-6.3424,106.1045,86.76,55,78,7.56,ID,2023-02-02 06:57:52
291,dahuk,36.8695,42.994,44.49,69,99,15.37,IQ,2023-02-02 06:57:53
292,acajutla,13.5928,-89.8275,76.78,67,10,6.2,SV,2023-02-02 06:57:54
293,komsomolskiy,40.4272,71.7189,41.72,52,100,2.3,UZ,2023-02-02 06:57:54
294,coihaique,-45.5752,-72.0662,55.35,62,0,3.44,CL,2023-02-02 06:56:57
295,yermolino,55.1949,36.5951,26.44,84,100,8.01,RU,2023-02-02 06:57:56
296,berlevag,70.8578,29.0864,31.95,51,40,9.22,NO,2023-02-02 06:57:57
297,phuket,8.0,98.25,89.82,51,20,12.66,TH,2023-02-02 06:53:57
298,maragogi,-9.0122,-35.2225,76.39,81,36,3.8,BR,2023-02-02 06:57:58
299,norman wells,65.282,-126.8329,-41.76,66,0,2.3,CA,2023-02-02 06:57:59
300,ruwi,23.5996,58.5507,73.54,58,0,8.41,OM,2023-02-02 06:58:00
301,praia,14.9215,-23.5087,68.54,68,20,17.27,CV,2023-02-02 06:58:00
302,piacabucu,-10.4056,-36.4344,75.04,88,12,4.32,BR,2023-02-02 06:58:01
303,ucluelet,48.9329,-125.5528,42.1,89,100,1.99,CA,2023-02-02 06:58:02
304,nago,26.5881,127.9761,68.45,72,100,11.45,JP,2023-02-02 06:58:02
305,gaoyou,32.7858,119.4278,44.56,37,100,10.27,CN,2023-02-02 06:58:03
306,marienburg,54.0359,19.0266,37.85,98,100,6.76,PL,2023-02-02 06:58:03
307,vilhena,-12.7406,-60.1458,67.57,98,87,2.24,BR,2023-02-02 06:58:04
308,sag,45.6486,21.1756,41.0,79,100,13.94,RO,2023-02-02 06:58:05
309,krasnoselkup,65.7,82.4667,7.34,96,100,10.78,RU,2023-02-02 06:58:06
310,gaspe,48.8334,-64.4819,8.51,72,0,9.22,CA,2023-02-02 06:53:47
311,puerto rondon,6.2805,-71.1,71.56,54,18,5.55,CO,2023-02-02 06:58:07
312,kaeo,-35.1,173.7833,73.33,96,88,10.42,NZ,2023-02-02 06:58:07
313,cherskiy,68.75,161.3,-8.75,99,100,2.8,RU,2023-02-02 06:58:08
314,lata,40.1629,-8.3327,37.09,86,0,4.5,PT,2023-02-02 06:58:08
315,bambamarca,-6.6833,-78.5333,53.53,99,100,2.71,PE,2023-02-02 06:58:09
316,jiujiang,29.7333,115.9833,43.16,56,100,14.9,CN,2023-02-02 06:58:10
317,anloga,5.7947,0.8973,79.99,82,5,6.15,GH,2023-02-02 06:58:10
318,aksehir,38.3575,31.4164,28.44,61,10,4.03,TR,2023-02-02 06:58:11
319,rudnogorsk,57.2639,103.7519,9.57,85,100,6.71,RU,2023-02-02 06:58:11
320,todos santos,23.45,-110.2167,57.31,85,31,4.0,MX,2023-02-02 06:58:12
321,nosivka,50.9315,31.5828,31.53,94,93,8.97,UA,2023-02-02 06:58:13
322,hailar,49.2,119.7,-1.64,91,22,7.58,CN,2023-02-02 06:58:13
323,wuwei,37.9281,102.6414,35.33,25,30,3.36,CN,2023-02-02 06:58:14
324,hanzhong,33.0728,107.0303,50.7,38,100,4.83,CN,2023-02-02 06:58:15
325,beauceville,46.2179,-70.7787,11.86,85,100,3.44,CA,2023-02-02 06:58:16
326,houma,29.5958,-90.7195,59.0,95,100,6.91,US,2023-02-02 06:58:16
327,gat,31.61,34.7642,53.08,100,91,13.56,IL,2023-02-02 06:58:17
328,trincomalee,8.5711,81.2335,79.81,82,100,12.64,LK,2023-02-02 06:58:17
329,camapua,-19.5314,-54.0439,70.54,91,97,1.32,BR,2023-02-02 06:58:18
330,puerto escondido,15.85,-97.0667,75.96,67,1,5.44,MX,2023-02-02 06:58:19
331,ekibastuz,51.6667,75.3667,8.15,86,23,4.7,KZ,2023-02-02 06:58:19
332,mecca,21.4267,39.8261,67.75,42,4,13.67,SA,2023-02-02 06:57:12
333,dire,12.2833,-10.9667,70.86,21,10,2.24,ML,2023-02-02 06:58:20
334,cornelio procopio,-23.1811,-50.6467,66.49,98,100,2.1,BR,2023-02-02 06:58:21
335,buala,-8.145,159.5921,81.66,81,100,6.93,SB,2023-02-02 06:58:21
336,kochubey,44.3861,46.5825,34.65,68,100,7.92,RU,2023-02-02 06:58:22
337,severo-zadonsk,54.0348,38.4017,23.29,94,26,9.24,RU,2023-02-02 06:58:23
338,bulgan,48.8125,103.5347,12.7,76,28,0.67,MN,2023-02-02 06:58:23
339,el jicaro,14.9167,-89.9,67.66,96,31,2.62,GT,2023-02-02 06:58:24
340,ixtapa,20.7,-105.2,70.23,86,100,2.64,MX,2023-02-02 06:58:24
341,los llanos de aridane,28.6585,-17.9182,53.35,67,0,10.36,ES,2023-02-02 06:58:25
342,hofn,64.2539,-15.2082,30.58,84,100,17.18,IS,2023-02-02 06:58:26
343,mao,39.8885,4.2658,48.76,76,0,9.22,ES,2023-02-02 06:58:26
344,sanchursk,56.9413,47.2499,16.02,89,100,9.42,RU,2023-02-02 06:58:27
345,maumere,-8.6199,122.2111,81.81,81,100,7.27,ID,2023-02-02 06:58:27
346,tomakomai,42.6369,141.6033,23.16,53,75,16.11,JP,2023-02-02 06:58:28
347,bajil,15.0584,43.2851,79.12,58,4,6.76,YE,2023-02-02 06:58:29
348,genhe,50.7833,121.5167,4.1,81,33,5.12,CN,2023-02-02 06:58:29
349,coron,11.9986,120.2043,84.79,67,15,10.18,PH,2023-02-02 06:58:30
350,havelock,34.8791,-76.9013,44.58,82,100,10.36,US,2023-02-02 06:58:30
351,katsuura,35.1333,140.3,48.07,35,100,7.0,JP,2023-02-02 06:58:31
352,urucui,-7.2294,-44.5561,74.28,78,100,1.74,BR,2023-02-02 06:58:32
353,kabanjahe,3.1001,98.4908,70.65,82,100,2.84,ID,2023-02-02 06:58:32
354,gidole,5.65,37.3667,71.8,29,63,3.15,ET,2023-02-02 06:58:33
355,general roca,-39.0333,-67.5833,73.62,60,100,10.54,AR,2023-02-02 06:58:33
356,oriximina,-1.7656,-55.8661,71.06,97,100,2.64,BR,2023-02-02 06:58:34
357,kawalu,-7.3817,108.2082,79.14,77,100,2.51,ID,2023-02-02 06:58:35
358,sao filipe,14.8961,-24.4956,70.48,72,99,10.89,CV,2023-02-02 06:58:35
359,kruisfontein,-34.0033,24.7314,73.89,48,99,5.86,ZA,2023-02-02 06:58:36
360,mehamn,71.0357,27.8492,31.91,79,40,9.22,NO,2023-02-02 06:58:36
361,igdir,39.9237,44.045,35.53,76,100,2.93,TR,2023-02-02 06:58:37
362,harper,4.375,-7.7169,78.84,86,14,4.14,LR,2023-02-02 06:58:38
363,usoke,-5.1667,32.35,72.72,77,16,2.19,TZ,2023-02-02 06:58:38
364,raudeberg,61.9875,5.1352,30.96,50,8,8.66,NO,2023-02-02 06:58:39
365,daugavpils,55.8833,26.5333,31.12,84,100,6.62,LV,2023-02-02 06:58:40
366,ujjain,23.1833,75.7667,75.47,15,43,7.18,IN,2023-02-02 06:58:41
367,erdaojiang,41.7764,126.0319,17.42,60,5,3.15,CN,2023-02-02 06:58:41
368,juneau,58.3019,-134.4197,32.22,91,100,5.75,US,2023-02-02 06:55:35
369,klichka,50.4457,117.996,1.02,87,98,3.85,RU,2023-02-02 06:58:42
370,talbahat,25.05,78.4333,75.97,18,12,6.42,IN,2023-02-02 06:58:43
371,bambous virieux,-20.3428,57.7575,86.22,74,40,6.91,MU,2023-02-02 06:58:44
372,tuatapere,-46.1333,167.6833,66.74,84,100,0.49,NZ,2023-02-02 06:58:44
373,talnakh,69.4865,88.3972,9.21,96,100,8.84,RU,2023-02-02 06:58:45
374,wanaka,-44.7,169.15,62.89,90,100,5.97,NZ,2023-02-02 06:58:45
375,rio branco,-9.9747,-67.81,75.81,100,40,6.91,BR,2023-02-02 06:58:46
376,labytnangi,66.6572,66.4183,3.99,98,50,5.19,RU,2023-02-02 06:58:47
377,nalut,30.3333,10.85,41.52,61,78,11.48,LY,2023-02-02 06:58:48
378,navolato,24.7672,-107.6944,61.65,74,57,7.76,MX,2023-02-02 06:58:48
379,kajaani,64.2273,27.7285,23.05,93,100,4.61,FI,2023-02-02 06:58:49
380,ulaangom,49.9811,92.0667,-8.32,92,90,2.19,MN,2023-02-02 06:58:50
381,matiri,-10.75,34.9,63.09,95,100,2.06,TZ,2023-02-02 06:58:51
382,santa rosa,14.3122,121.1114,88.09,71,4,15.86,PH,2023-02-02 06:58:52
383,flinders,-34.5833,150.8552,90.25,74,82,5.99,AU,2023-02-02 06:58:53
384,mayo,38.8876,-76.5119,33.12,75,0,1.99,US,2023-02-02 06:58:53
385,craig,40.5153,-107.5464,2.82,77,0,0.0,US,2023-02-02 06:58:54
386,porto novo,6.4965,2.6036,80.42,76,96,4.12,BJ,2023-02-02 06:58:54
387,samarai,-10.6167,150.6667,85.5,72,96,6.17,PG,2023-02-02 06:58:55
388,pahrump,36.2083,-115.9839,44.65,40,6,0.96,US,2023-02-02 06:58:56
389,amahai,-3.3333,128.9167,84.36,70,95,4.27,ID,2023-02-02 06:58:56
390,nanortalik,60.1432,-45.2371,19.13,79,98,16.35,GL,2023-02-02 06:58:57
391,sobolevo,54.4299,31.8996,31.89,98,100,9.69,RU,2023-02-02 06:58:58
392,marsh harbour,26.5412,-77.0636,74.08,73,0,3.56,BS,2023-02-02 06:58:58
393,luderitz,-26.6481,15.1594,70.38,58,1,19.13,NA,2023-02-02 06:58:59
394,lexington,37.9887,-84.4777,30.09,82,20,0.0,US,2023-02-02 06:54:31
395,mitchell,43.7094,-98.0298,15.78,80,0,3.44,US,2023-02-02 06:59:00
396,karaidel,55.8337,56.9069,20.16,88,100,2.35,RU,2023-02-02 06:59:01
397,warmbad,-28.45,18.7333,71.82,39,0,3.33,NA,2023-02-02 06:59:01
398,yuancheng,36.652,107.7896,39.6,21,34,10.36,CN,2023-02-02 06:59:02
399,zhaotong,27.3167,103.7167,53.56,41,14,10.36,CN,2023-02-02 06:59:02
400,saint anthony,45.0205,-93.218,12.52,82,0,5.75,US,2023-02-02 06:59:03
401,sao felix do xingu,-6.6447,-51.995,68.41,99,92,1.21,BR,2023-02-02 06:56:22
402,thinadhoo,0.5333,72.9333,81.48,67,12,16.04,MV,2023-02-02 06:59:04
403,chihuahua,28.5,-106.0,45.19,46,31,13.18,MX,2023-02-02 06:56:54
404,lagos,6.5833,3.75,79.12,75,84,2.19,NG,2023-02-02 06:55:10
405,cairns,-16.9167,145.7667,87.75,74,100,8.05,AU,2023-02-02 06:59:06
406,alugan,12.2188,125.4808,80.98,83,26,13.87,PH,2023-02-02 06:59:06
407,camacha,33.0833,-16.3333,58.42,59,40,17.27,PT,2023-02-02 06:59:07
408,appingedam,53.3217,6.8583,41.97,87,100,5.01,NL,2023-02-02 06:59:07
409,tabou,4.423,-7.3528,78.91,86,7,3.69,CI,2023-02-02 06:59:08
410,khandbari,27.3747,87.2039,75.4,21,0,6.38,NP,2023-02-02 06:59:09
411,qarqin,37.4185,66.0436,52.07,81,100,3.2,AF,2023-02-02 06:59:10
412,xinqing,48.2333,129.5,7.79,65,100,11.05,CN,2023-02-02 06:59:10
413,seoul,37.5683,126.9778,36.79,29,0,6.91,KR,2023-02-02 06:55:28
414,sandviken,60.6167,16.7667,19.22,77,5,4.05,SE,2023-02-02 06:59:11
415,alta floresta,-9.8756,-56.0861,69.19,97,100,2.13,BR,2023-02-02 06:59:12
416,naryan-mar,67.6713,53.087,20.89,93,95,13.44,RU,2023-02-02 06:59:12
417,collierville,35.042,-89.6645,31.93,97,100,7.02,US,2023-02-02 06:59:13
418,tiksi,71.6872,128.8694,-16.31,99,100,8.16,RU,2023-02-02 06:59:14
419,davila,18.4726,120.5763,85.98,77,14,24.2,PH,2023-02-02 06:59:15
420,betong,5.7743,101.0723,73.76,97,100,1.7,TH,2023-02-02 06:59:15
421,tymovskoye,50.8456,142.655,-1.66,88,100,6.62,RU,2023-02-02 06:59:16
422,hambantota,6.1241,81.1185,79.14,100,75,3.44,LK,2023-02-02 06:59:16
423,bom jardim,-7.7958,-35.5872,69.46,93,50,2.35,BR,2023-02-02 06:59:17
424,hasaki,35.7333,140.8333,48.29,38,100,10.27,JP,2023-02-02 06:59:18
425,morgantown,39.6295,-79.9559,27.45,85,0,0.0,US,2023-02-02 06:58:21
426,zinder,13.8072,8.9881,66.16,20,95,10.36,NE,2023-02-02 06:59:19
427,gamba,-2.65,10.0,78.69,82,90,1.63,GA,2023-02-02 06:54:26
428,makakilo city,21.3469,-158.0858,73.72,77,40,5.75,US,2023-02-02 06:59:21
429,jiuquan,39.7432,98.5174,31.69,30,38,3.18,CN,2023-02-02 06:59:21
430,aripuana,-9.1667,-60.6333,69.87,98,100,2.15,BR,2023-02-02 06:59:22
431,antalaha,-14.9003,50.2788,85.12,65,76,9.4,MG,2023-02-02 06:59:23
432,canton,23.1167,113.25,82.35,41,26,5.88,CN,2023-02-02 06:55:43
433,antofagasta,-23.65,-70.4,67.28,86,41,4.52,CL,2023-02-02 06:59:24
434,lappeenranta,61.0587,28.1887,26.55,93,75,5.75,FI,2023-02-02 06:59:24
435,tual,-5.6667,132.75,83.93,72,100,10.13,ID,2023-02-02 06:59:25
436,chitral,35.8462,71.7858,42.67,82,96,2.46,PK,2023-02-02 06:59:25
437,gualeguaychu,-33.0094,-58.5172,72.9,84,100,7.47,AR,2023-02-02 06:59:26
438,kovdor,67.5662,30.4758,21.65,95,100,7.29,RU,2023-02-02 06:59:27
439,kuzhener,56.8111,48.9128,10.92,85,100,7.96,RU,2023-02-02 06:59:27
440,gouyave,12.1646,-61.7296,75.67,66,0,14.56,GD,2023-02-02 06:59:28
441,biak,-0.9131,122.8766,79.52,74,100,4.07,ID,2023-02-02 06:59:28
442,shabqadar,34.2139,71.5552,59.22,25,63,8.14,PK,2023-02-02 06:59:29
443,araouane,18.9048,-3.5265,56.7,18,4,10.51,ML,2023-02-02 06:59:30
444,oistins,13.0667,-59.5333,77.09,73,40,13.8,BB,2023-02-02 06:59:30
445,oktyabrskiy,54.4815,53.471,17.17,92,78,6.35,RU,2023-02-02 06:59:31
446,humaita,-7.5061,-63.0208,71.49,99,49,2.37,BR,2023-02-02 06:56:52
447,apollonia,36.9716,24.7231,52.36,51,1,6.02,GR,2023-02-02 06:59:32
448,atambua,-9.1061,124.8925,81.68,72,81,5.77,ID,2023-02-02 06:59:32
449,oranjestad,12.524,-70.027,76.95,82,20,11.5,AW,2023-02-02 06:59:33
450,cap-aux-meules,47.3821,-61.8597,19.42,63,100,12.66,CA,2023-02-02 06:59:34
451,hay river,60.8156,-115.7999,-22.02,69,0,6.91,CA,2023-02-02 06:57:40
452,rudkobing,54.9364,10.7102,36.23,85,8,13.78,DK,2023-02-02 06:59:35
453,fortuna,40.5982,-124.1573,49.12,53,0,14.97,US,2023-02-02 06:59:35
454,agua verde,22.9,-106.05,67.77,79,81,4.65,MX,2023-02-02 06:59:36
455,alice springs,-23.7,133.8833,88.21,40,0,14.97,AU,2023-02-02 06:57:18
456,vangaindrano,-23.35,47.6,73.51,89,100,4.85,MG,2023-02-02 06:59:37
457,khorramshahr,30.4397,48.1664,58.96,77,5,4.61,IR,2023-02-02 06:59:38
458,lodi,38.1302,-121.2725,45.97,77,100,2.42,US,2023-02-02 06:57:40
459,otavi,-19.65,17.3333,70.03,74,100,4.43,NA,2023-02-02 06:59:39
460,mancio lima,-7.6142,-72.8958,72.14,98,100,1.7,BR,2023-02-02 06:59:40
461,businga,3.3333,20.8833,81.93,54,37,2.93,CD,2023-02-02 06:59:40
462,carora,10.1755,-70.0827,68.13,84,41,6.35,VE,2023-02-02 06:59:41
463,kaitangata,-46.2817,169.8464,67.87,82,100,1.97,NZ,2023-02-02 06:59:42
464,bilibino,68.0546,166.4372,-3.96,100,100,4.25,RU,2023-02-02 06:59:42
465,tateyama,34.9833,139.8667,49.1,39,100,7.74,JP,2023-02-02 06:59:43
466,vila,42.0304,-8.1588,29.28,89,0,4.5,PT,2023-02-02 06:59:43
467,menongue,-14.6585,17.691,67.3,86,100,0.67,AO,2023-02-02 06:59:44
468,muros,42.7762,-9.0603,38.84,90,1,6.15,ES,2023-02-02 06:59:45
469,ponta delgada,37.7333,-25.6667,54.32,71,40,5.75,PT,2023-02-02 06:59:46
470,sokolo,14.7328,-6.1219,65.07,11,46,9.08,ML,2023-02-02 06:59:46
471,nishihara,26.1842,127.7558,67.68,77,75,18.41,JP,2023-02-02 06:59:47
472,florence,43.7667,11.25,44.1,84,2,1.74,IT,2023-02-02 06:59:48
473,faya,18.3851,42.4509,59.11,56,22,7.52,SA,2023-02-02 06:59:48
474,shkoder,42.0683,19.5126,39.38,72,90,2.24,AL,2023-02-02 06:59:49
475,preobrazhenka,47.5719,35.8167,33.28,82,100,9.08,UA,2023-02-02 06:59:50
476,alofi,-19.0595,-169.9187,80.49,74,100,10.36,NU,2023-02-02 06:59:50
477,nouakchott,18.0858,-15.9785,60.73,42,10,12.88,MR,2023-02-02 06:59:51
478,rapla,59.0072,24.7928,31.71,90,100,6.93,EE,2023-02-02 06:54:57
479,verkhnevilyuysk,63.4453,120.3167,-4.16,97,100,4.65,RU,2023-02-02 06:59:52
480,petersburg,37.2279,-77.4019,33.89,97,40,0.0,US,2023-02-02 06:56:59
481,olafsvik,64.8945,-23.7142,31.59,96,100,26.4,IS,2023-02-02 06:59:53
482,quibdo,5.6947,-76.6611,72.34,98,96,0.47,CO,2023-02-02 06:59:54
483,wahiawa,21.5028,-158.0236,71.92,77,100,5.75,US,2023-02-02 06:59:54
484,talladega,33.4359,-86.1058,48.65,93,100,5.75,US,2023-02-02 06:57:07
485,hasanpur,28.7167,78.2833,72.93,30,0,13.24,IN,2023-02-02 06:59:55
486,yar-sale,66.8333,70.8333,6.89,95,14,9.82,RU,2023-02-02 06:59:56
487,beyneu,45.3167,55.2,36.75,59,86,7.96,KZ,2023-02-02 06:59:57
488,port hedland,-20.3167,118.5667,89.17,61,0,12.24,AU,2023-02-02 06:59:57
489,hami,42.8,93.45,30.99,38,15,3.69,CN,2023-02-02 06:59:58
490,labuhan,-6.8844,112.2051,80.38,83,100,9.91,ID,2023-02-02 06:59:59
491,sola,-13.8833,167.55,82.56,69,98,2.93,VU,2023-02-02 07:00:00
492,meulaboh,4.1363,96.1285,84.67,66,100,6.02,ID,2023-02-02 07:00:00
493,springdale,36.1867,-94.1288,29.68,86,20,4.61,US,2023-02-02 07:00:01
494,sakaiminato,35.55,133.2333,42.73,75,75,4.61,JP,2023-02-02 07:00:13
495,sibolga,1.7427,98.7792,83.14,76,100,4.34,ID,2023-02-02 07:00:19
496,banda aceh,5.5577,95.3222,84.74,67,100,5.59,ID,2023-02-02 07:00:22
497,mandal,25.45,74.5667,72.68,20,6,4.45,IN,2023-02-02 07:00:30
498,ovsyanka,55.9575,92.5519,5.97,82,18,2.15,RU,2023-02-02 07:00:31
499,teahupoo,-17.8333,-149.2667,76.96,73,0,19.01,PF,2023-02-02 07:00:32
500,velyka bilozerka,47.2776,34.7062,33.82,80,51,7.34,UA,2023-02-02 06:56:25
501,horsham,51.064,-0.3272,45.45,88,0,8.05,GB,2023-02-02 07:00:33
502,cocal,-28.6167,-49.35,67.24,93,6,3.04,BR,2023-02-02 07:00:34
503,khandyga,62.6667,135.6,-24.54,99,100,1.45,RU,2023-02-02 07:00:35
504,surt,31.2089,16.5887,57.76,64,100,1.9,LY,2023-02-02 07:00:36
505,tuy hoa,13.0833,109.3,77.18,90,78,6.49,VN,2023-02-02 07:00:36
506,blantyre,-15.785,35.0085,73.15,74,47,1.25,MW,2023-02-02 06:55:43
507,retz,48.7494,15.9624,38.66,84,25,22.03,AT,2023-02-02 07:00:38
508,mandali,33.7499,45.5541,56.17,58,97,20.83,IQ,2023-02-02 07:00:39
509,paamiut,61.994,-49.6678,14.4,92,100,9.84,GL,2023-02-02 07:00:39
510,kattivakkam,13.2167,80.3167,84.29,65,100,17.78,IN,2023-02-02 07:00:40
511,smidovich,48.6,133.8167,2.08,81,33,7.45,RU,2023-02-02 07:00:41
512,londonderry,54.9981,-7.3093,49.73,93,75,18.41,GB,2023-02-02 07:00:41
513,rokycany,49.7427,13.5946,36.12,100,100,52.01,CZ,2023-02-02 07:00:42
514,dromolaxia,34.8761,33.586,53.26,59,20,15.99,CY,2023-02-02 07:00:43
515,sawtell,-30.3833,153.1,84.18,74,33,24.16,AU,2023-02-02 07:00:43
516,maniitsoq,65.4167,-52.9,0.97,81,65,10.18,GL,2023-02-02 07:00:44
517,san jeronimo,-11.9472,-75.2829,50.68,87,100,0.81,PE,2023-02-02 07:00:45
518,margate,51.3813,1.3862,42.87,84,66,4.0,GB,2023-02-02 07:00:45
519,tulun,54.5611,100.5792,16.97,85,100,5.03,RU,2023-02-02 07:00:46
520,ranong,9.9658,98.6348,93.13,49,49,2.75,TH,2023-02-02 07:00:47
521,storforshei,66.4043,14.5233,5.67,84,0,0.0,NO,2023-02-02 07:00:47
522,kavieng,-2.5744,150.7967,84.4,67,31,10.38,PG,2023-02-02 07:00:48
523,weligama,5.9667,80.4167,82.83,68,100,2.59,LK,2023-02-02 06:56:31
524,gao,16.6362,1.637,67.01,11,8,11.1,ML,2023-02-02 07:00:50
525,george town,5.4112,100.3354,91.35,58,20,8.05,MY,2023-02-02 06:57:08
526,khairagarh,26.95,77.8167,73.36,29,0,10.04,IN,2023-02-02 07:00:51
527,deputatskiy,69.3,139.9,-16.19,96,100,4.07,RU,2023-02-02 07:00:53
528,catalina,32.5056,-110.9211,45.59,60,0,2.44,US,2023-02-02 07:00:53
529,poum,-20.2333,164.0167,82.11,69,23,10.96,NC,2023-02-02 07:00:54
530,port lincoln,-34.7333,135.8667,62.2,58,100,24.85,AU,2023-02-02 06:58:47
531,ayagoz,47.9714,80.4392,12.49,84,85,8.77,KZ,2023-02-02 07:00:55
532,teguise,29.0605,-13.564,61.02,68,20,18.41,ES,2023-02-02 07:00:56
533,serafimovich,49.5786,42.736,30.61,97,100,6.4,RU,2023-02-02 07:00:57
534,fare,-16.7,-151.0167,81.72,76,7,19.37,PF,2023-02-02 07:00:58
535,porbandar,21.6422,69.6093,79.29,30,0,6.62,IN,2023-02-02 07:00:58
536,makat,47.6469,53.3463,34.11,57,100,9.19,KZ,2023-02-02 07:00:59
537,buluang,13.3068,123.3425,86.0,64,64,4.7,PH,2023-02-02 07:01:00
538,puerto narino,-3.7703,-70.3831,72.43,97,100,1.34,CO,2023-02-02 07:01:01
539,ormara,25.2088,64.6357,69.82,38,3,2.53,PK,2023-02-02 07:01:01
540,shingu,33.7333,135.9833,50.7,44,91,3.76,JP,2023-02-02 07:01:02
541,assiniboia,49.6334,-105.9845,-5.98,71,64,13.8,CA,2023-02-02 07:01:03
542,sabang,5.8933,95.3214,81.48,75,100,13.24,ID,2023-02-02 07:01:05
543,fukue,32.6881,128.8419,52.16,50,75,12.66,JP,2023-02-02 07:01:06
544,yulara,-25.2406,130.9889,87.78,22,0,19.51,AU,2023-02-02 07:01:07
545,grants,35.1473,-107.8514,16.03,73,0,0.0,US,2023-02-02 07:01:08
546,xingyi,24.1877,102.817,75.18,22,2,13.62,CN,2023-02-02 07:01:09
547,fort morgan,40.2503,-103.8,5.65,92,0,10.36,US,2023-02-02 07:01:09
548,boda,4.3189,17.4695,79.25,57,12,4.54,CF,2023-02-02 07:01:10
549,avera,33.194,-82.5271,56.71,85,100,4.92,US,2023-02-02 07:01:11
550,jalu,29.0331,21.5482,51.91,55,6,4.79,LY,2023-02-02 07:01:12
551,bafoussam,5.4737,10.4179,68.36,50,83,1.05,CM,2023-02-02 07:01:13
552,north branch,45.5113,-92.9802,12.56,86,20,5.41,US,2023-02-02 07:01:14
553,bairiki,1.3292,172.9752,84.2,74,20,9.22,KI,2023-02-02 07:01:15
554,ilheus,-14.7889,-39.0494,72.39,88,19,0.54,BR,2023-02-02 06:58:18
555,alekseyevsk,57.8406,108.3492,10.85,89,100,7.7,RU,2023-02-02 07:01:16
556,vila franca do campo,37.7167,-25.4333,54.01,85,76,8.3,PT,2023-02-02 07:01:17
557,shache,38.4167,77.2406,27.72,59,9,5.86,CN,2023-02-02 07:01:18
558,kamaishi,39.2667,141.8833,31.87,65,46,14.67,JP,2023-02-02 07:01:19
559,novorzhev,57.0294,29.3338,27.63,96,100,4.36,RU,2023-02-02 07:01:20
560,matagami,49.7502,-77.6328,-16.49,76,20,5.75,CA,2023-02-02 07:01:21
561,masasi,-10.7167,38.8,80.96,72,10,1.3,TZ,2023-02-02 07:01:23
562,bagdarin,54.4333,113.6,5.88,67,97,2.86,RU,2023-02-02 07:01:23
563,smithers,54.7804,-127.1743,28.72,86,100,11.5,CA,2023-02-02 07:00:41
564,leningradskiy,69.3833,178.4167,-11.22,99,84,5.68,RU,2023-02-02 07:01:25
565,iglino,54.8324,56.4126,10.49,84,100,2.51,RU,2023-02-02 07:01:26
566,grand gaube,-20.0064,57.6608,86.38,67,1,7.0,MU,2023-02-02 07:01:27
567,luganville,-15.5333,167.1667,82.49,76,72,2.95,VU,2023-02-02 07:01:28
568,port shepstone,-30.7414,30.455,77.23,69,33,12.46,ZA,2023-02-02 07:01:28
569,moerai,-22.4333,-151.3333,79.56,83,4,14.72,PF,2023-02-02 07:01:29
570,niteroi,-22.8833,-43.1036,76.62,88,75,6.91,BR,2023-02-02 07:01:30
571,toora-khem,52.4675,96.11,11.61,85,65,1.05,RU,2023-02-02 07:01:30
572,coquimbo,-29.9533,-71.3436,62.33,94,0,3.44,CL,2023-02-02 07:01:31
573,praia da vitoria,38.7333,-27.0667,54.75,100,20,6.49,PT,2023-02-02 07:01:32
574,ketchikan,55.3422,-131.6461,42.78,98,100,5.21,US,2023-02-02 07:01:32
575,beringovskiy,63.05,179.3167,21.85,96,100,12.19,RU,2023-02-02 07:01:33
576,tura,25.5198,90.2201,80.4,22,3,4.54,IN,2023-02-02 07:01:34
577,kiunga,-6.1219,141.2906,77.47,89,100,2.3,PG,2023-02-02 07:01:34
578,mareeba,-17.0,145.4333,83.12,76,100,4.47,AU,2023-02-02 07:01:35
579,la asuncion,11.0333,-63.8628,73.8,82,10,11.97,VE,2023-02-02 07:01:36
580,priyutovo,53.9,53.9333,17.37,94,88,10.94,RU,2023-02-02 07:01:36
581,celestun,20.8667,-90.4,72.81,73,1,11.79,MX,2023-02-02 07:01:37
582,norrtalje,59.758,18.705,29.01,76,100,8.5,SE,2023-02-02 07:01:38
583,shubarshi,48.5872,57.1869,20.66,71,3,8.19,KZ,2023-02-02 07:01:38
584,svetlogorsk,52.6333,29.7333,32.18,94,100,8.61,BY,2023-02-02 07:01:39
585,voineasa,44.2833,24.1333,39.36,87,0,12.66,RO,2023-02-02 07:01:39
